{"cameraMode":{"drawMode":0,"name":"Shaded","section":"Shading Mode"},"sceneLighting":true,"audioPlay":false,"sceneViewState":{"showFog":true,"showMaterialUpdate":false,"showSkybox":true,"showFlares":true,"showImageEffects":true,"showParticleSystems":true},"in2DMode":false,"pivot":{"x":-24.954116821289064,"y":0.35543274879455569,"z":-1.899416446685791},"rotation":{"x":-0.20874057710170747,"y":-0.025024311617016794,"z":0.004843574017286301,"w":-0.9777993559837341},"size":4.710005760192871,"orthographic":false}