{"cameraMode":{"drawMode":0,"name":"Shaded","section":"Shading Mode"},"sceneLighting":false,"audioPlay":false,"sceneViewState":{"showFog":true,"showMaterialUpdate":false,"showSkybox":false,"showFlares":true,"showImageEffects":true,"showParticleSystems":true},"in2DMode":false,"pivot":{"x":1980.9935302734375,"y":414.3975830078125,"z":-1324.455810546875},"rotation":{"x":0.0903642475605011,"y":-0.7842187285423279,"z":0.11754827946424484,"w":0.602573573589325},"size":7484.21875,"orthographic":false}