{"cameraMode":{"drawMode":0,"name":"Shaded","section":"Shading Mode"},"sceneLighting":true,"audioPlay":false,"sceneViewState":{"showFog":true,"showMaterialUpdate":false,"showSkybox":false,"showFlares":true,"showImageEffects":true,"showParticleSystems":true},"in2DMode":false,"pivot":{"x":581.3765869140625,"y":319.95526123046877,"z":-5.389191150665283},"rotation":{"x":-0.09732238948345185,"y":0.02266874350607395,"z":-0.0021963161416351797,"w":-0.9950146675109863},"size":4.371732234954834,"orthographic":false}