{"cameraMode":{"drawMode":0,"name":"Shaded","section":"Shading Mode"},"sceneLighting":false,"audioPlay":false,"sceneViewState":{"showFog":true,"showMaterialUpdate":false,"showSkybox":false,"showFlares":true,"showImageEffects":true,"showParticleSystems":true},"in2DMode":false,"pivot":{"x":160.00001525878907,"y":-205.89999389648438,"z":-8.499980926513672},"rotation":{"x":-0.21684764325618745,"y":-0.41177111864089968,"z":0.10161390155553818,"w":-0.8793294429779053},"size":233.3452606201172,"orthographic":false}