{"cameraMode":{"drawMode":0,"name":"Shaded","section":"Shading Mode"},"sceneLighting":true,"audioPlay":false,"sceneViewState":{"showFog":true,"showMaterialUpdate":false,"showSkybox":true,"showFlares":true,"showImageEffects":true,"showParticleSystems":true},"in2DMode":false,"pivot":{"x":-0.25478681921958926,"y":1.5413429737091065,"z":-0.5481305122375488},"rotation":{"x":-0.00030384992714971304,"y":0.9936408996582031,"z":-0.11257021874189377,"w":-0.002681896323338151},"size":7.185360908508301,"orthographic":false}