{"cameraMode":{"drawMode":0,"name":"Shaded","section":"Shading Mode"},"sceneLighting":true,"audioPlay":false,"sceneViewState":{"showFog":true,"showMaterialUpdate":false,"showSkybox":true,"showFlares":true,"showImageEffects":true,"showParticleSystems":true},"in2DMode":false,"pivot":{"x":0.0,"y":9.899999618530274,"z":-0.009998321533203125},"rotation":{"x":0.28403013944625857,"y":0.2512761950492859,"z":-0.07746919244527817,"w":0.9221363663673401},"size":41.85513687133789,"orthographic":false}