{"cameraMode":{"drawMode":0,"name":"Shaded","section":"Shading Mode"},"sceneLighting":true,"audioPlay":false,"sceneViewState":{"showFog":true,"showMaterialUpdate":false,"showSkybox":true,"showFlares":true,"showImageEffects":true,"showParticleSystems":true},"in2DMode":false,"pivot":{"x":-0.21307337284088136,"y":0.0777289867401123,"z":-0.04096412658691406},"rotation":{"x":0.00006591082637896761,"y":0.9757205843925476,"z":-0.2190197855234146,"w":0.0002935997908934951},"size":7.185360908508301,"orthographic":false}